"name"	"country.etc"	"pop"	"lat"	"long"	"capital"
"Abbotsford BC"	"BC"	157795	49.06	-122.3	0
"Acton ON"	"ON"	8308	43.63	-80.03	0
"Acton Vale QC"	"QC"	5153	45.63	-72.57	0
"Airdrie AB"	"AB"	25863	51.3	-114.02	0
"Aklavik NT"	"NT"	643	68.22	-135	0
"Albanel QC"	"QC"	1090	48.87	-72.42	0
"Alberton PE"	"PE"	1154	46.8	-64.07	0
"Aldergrove BC"	"BC"	11972	49.06	-122.5	0
"Alencon QC"	"QC"	1427	46.07	-73.13	0
"Alexandria ON"	"ON"	3604	45.3	-74.63	0
"Alfred QC"	"QC"	1442	45.55	-74.87	0
"Alliston ON"	"ON"	10353	44.15	-79.87	0
"Alma QC"	"QC"	29880	48.55	-71.66	0
"Almonte ON"	"ON"	4984	45.22	-76.2	0
"Altona MB"	"MB"	3647	49.1	-97.57	0
"Amherst NS"	"NS"	9297	45.83	-64.21	0
"Amherstburg ON"	"ON"	11605	42.1	-83.1	0
"Amigo Beach ON"	"ON"	1145	44.77	-79.34	0
"Amos QC"	"QC"	10472	48.57	-78.14	0
"Amqui QC"	"QC"	5135	48.47	-67.43	0
"Angus-Borden ON"	"ON"	10399	44.32	-79.88	0
"Antigonish NS"	"NS"	4957	45.62	-61.97	0
"Armstrong BC"	"BC"	4278	50.45	-119.18	0
"Arnold's Cove NL"	"NL"	914	47.77	-53.99	0
"Arnprior ON"	"ON"	9729	45.43	-76.37	0
"Arthur ON"	"ON"	2443	43.83	-80.53	0
"Asbestos QC"	"QC"	7284	45.78	-71.95	0
"Ashcroft BC"	"BC"	1797	50.72	-121.27	0
"Assiniboia SK"	"SK"	2282	49.62	-105.98	0
"Athabasca AB"	"AB"	2569	54.72	-113.27	0
"Atikokan ON"	"ON"	3808	48.75	-91.62	0
"Attawapiskat ON"	"ON"	1383	52.92	-82.43	0
"Aylmer ON"	"ON"	7623	42.78	-80.98	0
"Ayr ON"	"ON"	3889	43.28	-80.45	0
"Bagotville QC"	"QC"	1085	48.35	-70.88	0
"Baie-Comeau QC"	"QC"	10472	49.22	-68.16	0
"Baie-Saint-Paul QC"	"QC"	4528	47.43	-70.5	0
"Banff AB"	"AB"	7590	51.17	-115.57	0
"Barraute QC"	"QC"	1184	48.43	-77.63	0
"Barrhead AB"	"AB"	4482	54.12	-114.4	0
"Barrie ON"	"ON"	198492	44.38	-79.68	0
"Barry's Bay ON"	"ON"	1347	45.48	-77.68	0
"Bassano AB"	"AB"	1404	50.78	-112.47	0
"Bathurst NB"	"NB"	18683	47.62	-65.65	0
"Bay Roberts NL"	"NL"	14975	47.59	-53.29	0
"Beamsville ON"	"ON"	9677	43.17	-79.47	0
"Beauceville QC"	"QC"	4496	46.2	-70.77	0
"Beaumont AB"	"AB"	7453	53.35	-113.42	0
"Beaupre QC"	"QC"	5306	47.05	-70.88	0
"Beausejour MB"	"MB"	2913	50.07	-96.52	0
"Beaverlodge AB"	"AB"	2245	55.2	-119.45	0
"Beaverton ON"	"ON"	3279	44.43	-79.15	0
"Bedford QC"	"QC"	2720	45.12	-72.98	0
"Beeton ON"	"ON"	4088	44.11	-79.79	0
"Belleville ON"	"ON"	66198	44.17	-77.38	0
"Belmont ON"	"ON"	1946	42.88	-81.06	0
"Beloeil QC"	"QC"	43168	45.55	-73.23	0
"Bernierville QC"	"QC"	1386	46.1	-71.54	0
"Berthierville QC"	"QC"	4427	46.08	-73.17	0
"Berwick NS"	"NS"	2250	45.03	-64.73	0
"Betsiamites QC"	"QC"	1658	48.95	-68.65	0
"Biggar SK"	"SK"	2034	52.05	-107.98	0
"Bishop's Falls NL"	"NL"	3219	49.02	-55.52	0
"Black Diamond AB"	"AB"	3706	50.7	-114.23	0
"Blackfalds AB"	"AB"	3236	52.38	-113.8	0
"Blairmore AB"	"AB"	2120	49.6	-114.43	0
"Blenheim ON"	"ON"	5129	42.33	-82	0
"Blind Bay BC"	"BC"	1429	50.85	-119.35	0
"Blind River ON"	"ON"	3004	46.18	-82.95	0
"Bobcaygeon ON"	"ON"	3053	44.53	-78.55	0
"Boissevain MB"	"MB"	1571	49.23	-100.05	0
"Bolton ON"	"ON"	21985	43.88	-79.73	0
"Bon Accord AB"	"AB"	1630	53.83	-113.42	0
"Bonaventure QC"	"QC"	1485	48.05	-65.47	0
"Bonavista NL"	"NL"	3580	48.65	-53.13	0
"Bonnyville AB"	"AB"	6073	54.27	-110.75	0
"Botwood NL"	"NL"	2876	49.15	-55.37	0
"Bouctouche NB"	"NB"	1880	46.48	-64.72	0
"Bourget ON"	"ON"	1075	45.44	-75.16	0
"Bow Island AB"	"AB"	1813	49.87	-111.37	0
"Bowmanville-Newcastle ON"	"ON"	34825	43.9	-78.68	0
"Bracebridge ON"	"ON"	8342	45.03	-79.3	0
"Bradford ON"	"ON"	19278	44.12	-79.56	0
"Brandon MB"	"MB"	25134	49.84	-99.96	0
"Brantford ON"	"ON"	87972	43.15	-80.26	0
"Bridgenorth-Chemong Park Area ON"	"ON"	2438	44.5	-78.33	0
"Bridgetown NS"	"NS"	1053	44.85	-65.15	0
"Bridgewater NS"	"NS"	8147	44.38	-64.52	0
"Brighton ON"	"ON"	5218	44.03	-77.73	0
"Brockville ON"	"ON"	24083	44.61	-75.7	0
"Bromont QC"	"QC"	1046	45.28	-72.65	0
"Brooklin ON"	"ON"	6192	43.95	-78.96	0
"Brooks AB"	"AB"	13045	50.57	-111.91	0
"Brookside NS"	"NS"	1227	44.72	-63.38	0
"Brownsburg QC"	"QC"	2606	45.68	-74.4	0
"Brussels ON"	"ON"	1223	43.75	-81.25	0
"Buckingham QC"	"QC"	21448	45.58	-75.42	0
"Burford ON"	"ON"	1969	43.11	-80.42	0
"Burgeo NL"	"NL"	1591	47.6	-57.63	0
"Burns Lake BC"	"BC"	2637	54.22	-125.77	0
"Cabano QC"	"QC"	2719	47.68	-68.88	0
"Cache Creek BC"	"BC"	1061	50.8	-121.32	0
"Caledon East ON"	"ON"	2112	43.87	-79.87	0
"Caledon ON"	"ON"	1766	43.81	-79.83	0
"Caledonia ON"	"ON"	9180	43.07	-79.95	0
"Calgary AB"	"AB"	991432	51.05	-114.06	0
"Calmar AB"	"AB"	2023	53.25	-113.78	0
"Campbell River BC"	"BC"	33972	49.99	-125.23	0
"Campbellford ON"	"ON"	3931	44.3	-77.8	0
"Campbellton NB"	"NB"	11967	48	-66.68	0
"Camrose AB"	"AB"	15889	53.02	-112.84	0
"Canmore AB"	"AB"	12834	51.09	-115.35	0
"Cannington ON"	"ON"	2147	44.35	-79.03	0
"Canora SK"	"SK"	2022	51.63	-102.43	0
"Cap-aux-Meules QC"	"QC"	1692	47.38	-61.87	0
"Cap-Chat QC"	"QC"	1471	49.08	-66.68	0
"Capreol ON"	"ON"	3713	46.7	-80.92	0
"Caraquet NB"	"NB"	4583	47.78	-64.95	0
"Carberry MB"	"MB"	1590	49.87	-99.35	0
"Carbonear NL"	"NL"	6665	47.75	-53.24	0
"Cardinal ON"	"ON"	1860	44.78	-75.37	0
"Cardston AB"	"AB"	3697	49.2	-113.32	0
"Carleton Centre QC"	"QC"	1098	48.1	-66.1	0
"Carleton Place ON"	"ON"	9867	45.13	-76.13	0
"Carlisle ON"	"ON"	2332	43.15	-81.54	0
"Carlyle SK"	"SK"	1158	49.63	-102.27	0
"Carman MB"	"MB"	2975	49.5	-98	0
"Carnduff SK"	"SK"	935	49.17	-101.78	0
"Caronport SK"	"SK"	956	50.45	-105.82	0
"Carrot SK"	"SK"	935	53.28	-103.58	0
"Carstairs AB"	"AB"	2398	51.53	-114.1	0
"Casselman ON"	"ON"	3113	45.3	-75.08	0
"Castlegar BC"	"BC"	8722	49.32	-117.67	0
"Catalina NL"	"NL"	1322	48.52	-53.08	0
"Causapscal QC"	"QC"	2040	48.35	-67.22	0
"Cayuga ON"	"ON"	1757	42.93	-79.95	0
"Central Okanagan BC"	"BC"	37041	50.03	-119.87	0
"Chandler QC"	"QC"	2873	48.33	-64.67	0
"Channel-Port aux Basques NL"	"NL"	4123	47.58	-59.17	0
"Chapais QC"	"QC"	1831	49.78	-74.87	0
"Chapleau ON"	"ON"	3029	47.83	-83.4	0
"Charlottetown PE"	"PE"	43540	46.24	-63.14	2
"Chase BC"	"BC"	2473	50.82	-119.68	0
"Chateau Lake Louise AB"	"AB"	1107	51.43	-116.18	0
"Chateau-Richer MB"	"MB"	1961	49.65	-96.45	0
"Chatham ON"	"ON"	44598	42.41	-82.19	0
"Chatham-Douglastown NB"	"NB"	13235	47.03	-65.46	0
"Chemainus BC"	"BC"	2720	48.92	-123.7	0
"Chesley ON"	"ON"	2011	44.3	-81.1	0
"Chester NS"	"NS"	1517	44.53	-64.23	0
"Chestermere AB"	"AB"	3632	51.06	-113.78	0
"Chesterville ON"	"ON"	1602	45.1	-75.22	0
"Chetwynd BC"	"BC"	2589	55.7	-121.62	0
"Chibougamou QC"	"QC"	7638	49.87	-74.35	0
"Chicoutimi-Jonquiere QC"	"QC"	110582	48.43	-71.08	0
"Chilliwack BC"	"BC"	51980	49.17	-121.96	0
"Chisasibi QC"	"QC"	3536	53.79	-78.94	0
"Chute-aux-Outardes BC"	"BC"	2007	49.12	-68.38	0
"Clairmont AB"	"AB"	1500	55.27	-118.8	0
"Clarenville-Shoal Harbour NL"	"NL"	3402	48.15	-53.97	0
"Claresholm AB"	"AB"	3853	50.03	-113.58	0
"Clermont QC"	"QC"	2922	47.68	-70.23	0
"Clinton ON"	"ON"	3334	43.6	-81.53	0
"Clyde River NU"	"NU"	1054	70.46	-68.63	0
"Coaldale AB"	"AB"	6391	49.73	-112.62	0
"Coalhurst AB"	"AB"	1570	49.74	-112.92	0
"Coaticook QC"	"QC"	7045	45.13	-71.8	0
"Cobourg ON"	"ON"	18316	43.96	-78.17	0
"Cochrane AB"	"AB"	17798	51.19	-114.47	0
"Cochrane ON"	"ON"	4463	49.07	-81.02	0
"Colborne ON"	"ON"	2182	44.02	-77.88	0
"Colchester ON"	"ON"	2336	41.98	-82.93	0
"Coleraine QC"	"QC"	1324	45.96	-71.38	0
"Collingwood ON"	"ON"	15829	44.49	-80.21	0
"Conception Bay South NL"	"NL"	16895	47.5	-53	0
"Constance Bay ON"	"ON"	2489	45.25	-75.5	0
"Contrecoeur QC"	"QC"	3440	45.89	-73.21	0
"Cookshire QC"	"QC"	1574	45.42	-71.62	0
"Cookstown ON"	"ON"	1550	44.21	-79.65	0
"Corner Brook NL"	"NL"	18387	48.96	-57.96	0
"Cornwall ON"	"ON"	48894	45.03	-74.74	0
"Cornwall PE"	"PE"	2287	46.23	-63.22	0
"Courtenay BC"	"BC"	32817	49.69	-125	0
"Cowansville QC"	"QC"	10766	45.21	-72.75	0
"Cowichan Valley BC"	"BC"	3179	48.73	-123.62	0
"Crabtree QC"	"QC"	2256	45.97	-73.47	0
"Cranbrook BC"	"BC"	18624	49.51	-115.77	0
"Creemore ON"	"ON"	1409	44.32	-80.1	0
"Creston BC"	"BC"	4820	49.1	-116.52	0
"Crossfield AB"	"AB"	2541	51.43	-114.03	0
"Crystal Beach ON"	"ON"	7152	45.05	-79.4	0
"Cultus Lake BC"	"BC"	1262	49.05	-121.96	0
"Cumberland BC"	"BC"	2632	49.62	-125.02	0
"Dalhousie NB"	"NB"	4104	48.07	-66.37	0
"Dallas BC"	"BC"	4366	50.66	-120.46	0
"Dalmeny SK"	"SK"	1479	52.33	-106.78	0
"Danville QC"	"QC"	1768	45.78	-72.02	0
"Dauphin MB"	"MB"	8497	51.15	-100.05	0
"Daveluyville QC"	"QC"	1323	46.21	-72.15	0
"Davidson SK"	"SK"	951	51.27	-105.97	0
"Dawson Creek BC"	"BC"	10810	55.76	-120.24	0
"Deep River QC"	"QC"	4350	46.1	-77.5	0
"Deer Lake NL"	"NL"	4072	49.18	-57.43	0
"Degelis QC"	"QC"	2271	47.56	-68.65	0
"Delhi ON"	"ON"	4281	42.85	-80.5	0
"Deloraine MB"	"MB"	1078	49.18	-100.5	0
"Desbiens QC"	"QC"	1151	48.42	-71.95	0
"Deseronto ON"	"ON"	1921	44.2	-77.03	0
"Devon AB"	"AB"	5286	53.37	-113.73	0
"Didsbury AB"	"AB"	4183	51.67	-114.13	0
"Digby NS"	"NS"	2033	44.62	-65.77	0
"Disraeli QC"	"QC"	2688	45.9	-71.35	0
"Dolbeau QC"	"QC"	12962	48.87	-72.23	0
"Donnacona QC"	"QC"	8042	46.67	-71.73	0
"Drayton ON"	"ON"	1626	43.75	-80.67	0
"Drayton Valley AB"	"AB"	6171	53.22	-114.98	0
"Dresden ON"	"ON"	2762	42.58	-82.17	0
"Drumheller AB"	"AB"	6549	51.47	-112.71	0
"Drummondville QC"	"QC"	59700	45.89	-72.49	0
"Dryden ON"	"ON"	7012	49.78	-92.83	0
"Duck Lake BC"	"BC"	5632	49.23	-116.63	0
"Duncan BC"	"BC"	22215	48.78	-123.7	0
"Dundalk ON"	"ON"	2109	44.17	-80.38	0
"Dunnville ON"	"ON"	6082	42.91	-79.62	0
"Dunville NL"	"NL"	3260	48.28	-53.88	0
"Durham ON"	"ON"	2898	44.18	-80.82	0
"Dutton ON"	"ON"	1470	42.66	-81.5	0
"East Angus QC"	"QC"	3647	45.48	-71.67	0
"East Broughton QC"	"QC"	2414	46.22	-71.08	0
"Edmonton AB"	"AB"	831979	53.57	-113.54	2
"Edmundston NB"	"NB"	18851	47.38	-68.34	0
"Edson AB"	"AB"	8069	53.58	-116.42	0
"Eganville ON"	"ON"	1316	45.53	-77.1	0
"Elk Point AB"	"AB"	1532	53.9	-110.9	0
"Elkford BC"	"BC"	2587	50.06	-114.88	0
"Elliot Lake ON"	"ON"	12667	46.39	-82.66	0
"Elmira ON"	"ON"	8723	43.6	-80.55	0
"Elmvale ON"	"ON"	2328	44.58	-79.87	0
"Embrun ON"	"ON"	4779	45.29	-75.3	0
"Enderby BC"	"BC"	2833	50.55	-119.13	0
"Enfield NS"	"NS"	3096	44.93	-63.54	0
"Englehart ON"	"ON"	1706	47.82	-79.87	0
"Erin ON"	"ON"	3091	43.77	-80.07	0
"Espanola ON"	"ON"	4742	46.25	-81.77	0
"Essex ON"	"ON"	7490	42.17	-82.82	0
"Esterhazy SK"	"SK"	2158	50.65	-102.08	0
"Estevan SK"	"SK"	9824	49.14	-103.01	0
"Eston SK"	"SK"	963	51.15	-108.75	0
"Everett ON"	"ON"	1226	44.25	-80	0
"Exeter ON"	"ON"	4762	43.35	-81.48	0
"Fairview AB"	"AB"	3351	56.07	-118.4	0
"Falher AB"	"AB"	1180	55.74	-117.2	0
"Farnham QC"	"QC"	6083	45.28	-72.97	0
"Fenelon Falls ON"	"ON"	2005	44.53	-78.75	0
"Fergus ON"	"ON"	17898	43.7	-80.37	0
"Ferme-Neuve QC"	"QC"	2123	46.7	-75.45	0
"Fermont QC"	"QC"	2976	52.79	-67.06	0
"Fernie BC"	"BC"	5023	49.5	-115.07	0
"Filion QC"	"QC"	1211	45.81	-74.1	0
"Flin Flon MB"	"MB"	5932	54.77	-101.89	0
"Foam Lake SK"	"SK"	1119	51.65	-103.53	0
"Forest ON"	"ON"	3056	43.1	-82	0
"Forestville QC"	"QC"	3582	48.73	-69.07	0
"Fort Erie ON"	"ON"	16155	42.91	-78.93	0
"Fort Frances ON"	"ON"	7834	48.62	-93.42	0
"Fort Langley BC"	"BC"	2655	49.03	-122.5	0
"Fort MacLeod AB"	"AB"	3096	49.73	-113.4	0
"Fort MacPherson NT"	"NT"	1085	67.43	-134.84	0
"Fort Nelson BC"	"BC"	4210	58.82	-122.53	0
"Fort Qu'Appelle SK"	"SK"	2007	50.77	-103.78	0
"Fort Saint James BC"	"BC"	2393	54.43	-124.25	0
"Fort Saint John BC"	"BC"	16810	56.25	-120.85	0
"Fort-Coulonge QC"	"QC"	2921	45.85	-76.75	0
"Fox Creek AB"	"AB"	2486	54.4	-116.84	0
"Frankford ON"	"ON"	2660	44.2	-77.6	0
"Fraser Lake BC"	"BC"	1275	59.72	-135.05	0
"Fredericton NB"	"NB"	51916	45.96	-66.66	2
"Fruitvale BC"	"BC"	3793	49.12	-117.55	0
"Gambo NL"	"NL"	1578	48.78	-54.22	0
"Gananoque ON"	"ON"	5527	44.33	-76.17	0
"Gander NL"	"NL"	8624	48.95	-54.65	0
"Gaspe QC"	"QC"	3343	48.82	-64.51	0
"Gentilly QC"	"QC"	2121	46.35	-72.45	0
"Georgetown ON"	"ON"	32575	43.66	-79.93	0
"Georgina ON"	"ON"	46775	44.27	-79.25	0
"Geraldton ON"	"ON"	2379	49.72	-86.97	0
"Gibbons AB"	"AB"	2823	53.84	-113.33	0
"Gibsons BC"	"BC"	6826	49.4	-123.5	0
"Gimli MB"	"MB"	2028	50.63	-97	0
"Glace Bay NS"	"NS"	21604	46.2	-59.97	0
"Glencoe ON"	"ON"	2302	42.75	-81.7	0
"Goderich ON"	"ON"	8134	43.73	-81.7	0
"Gold River BC"	"BC"	1366	49.78	-126.05	0
"Golden BC"	"BC"	4041	51.3	-116.97	0
"Golden ON"	"ON"	1291	45.58	-77.25	0
"Goulds NL"	"NL"	3926	47.4	-52.79	0
"Granby QC"	"QC"	54171	45.41	-72.73	0
"Grand Bank NL"	"NL"	4777	47.1	-55.76	0
"Grand Bend ON"	"ON"	2085	43.32	-81.75	0
"Grand Centre AB"	"AB"	12531	54.42	-110.22	0
"Grand Falls NB"	"NB"	5630	47.05	-67.73	0
"Grand Falls-Windsor NL"	"NL"	11899	48.93	-55.66	0
"Grand Forks BC"	"BC"	4211	49.05	-118.47	0
"Grand Valley ON"	"ON"	1879	43.9	-80.32	0
"Grande Cache AB"	"AB"	4072	53.88	-119.12	0
"Grande Prairie AB"	"AB"	42712	55.18	-118.8	0
"Grande-Riviere QC"	"QC"	1514	48.38	-64.5	0
"Gravelbourg SK"	"SK"	1091	49.88	-106.55	0
"Gravenhurst ON"	"ON"	5913	44.92	-79.37	0
"Grenfell SK"	"SK"	980	50.42	-102.92	0
"Grimshaw AB"	"AB"	2590	56.18	-117.6	0
"Guelph ON"	"ON"	117979	43.56	-80.26	0
"Gull Lake SK"	"SK"	934	50.1	-108.48	0
"Hagersville ON"	"ON"	2657	42.95	-80.05	0
"Haileybury ON"	"ON"	11131	47.43	-79.63	0
"Haines Junction YT"	"YT"	1191	60.76	-137.51	0
"Halifax NS"	"NS"	263547	44.67	-63.61	2
"Hamilton ON"	"ON"	661942	43.26	-79.85	0
"Hammonds Plains Road NS"	"NS"	1109	44.79	-63.71	0
"Hampton NB"	"NB"	2616	45.53	-65.83	0
"Hanna AB"	"AB"	3176	51.63	-111.92	0
"Hanover ON"	"ON"	7348	44.15	-81.03	0
"Hantsport NS"	"NS"	1241	45.07	-64.18	0
"Happy Valley-Goose Bay NL"	"NL"	6034	53.34	-60.4	0
"Harbour Breton NL"	"NL"	1856	47.48	-55.83	0
"Hare Bay NL"	"NL"	946	48.85	-54.02	0
"Harriston ON"	"ON"	2176	43.92	-80.88	0
"Harrow ON"	"ON"	3140	42.03	-82.92	0
"Hastings ON"	"ON"	1292	44.3	-77.95	0
"Hauterive QC"	"QC"	12862	49.18	-68.27	0
"Havelock ON"	"ON"	1421	44.44	-77.88	0
"Havre-Saint-Pierre QC"	"QC"	2976	50.25	-63.58	0
"Hawkesbury ON"	"ON"	12439	45.62	-74.6	0
"Hay River NT"	"NT"	3064	60.86	-115.75	0
"Hearst ON"	"ON"	4806	49.7	-83.67	0
"Hebertville QC"	"QC"	1697	48.4	-71.68	0
"Hensall ON"	"ON"	1277	43.43	-81.5	0
"High Level AB"	"AB"	3664	58.52	-117.13	0
"High Prairie AB"	"AB"	2912	55.43	-116.48	0
"High River AB"	"AB"	9941	50.58	-113.87	0
"Hillsburgh ON"	"ON"	1281	43.81	-80.15	0
"Hinton AB"	"AB"	10005	53.4	-117.58	0
"Hope BC"	"BC"	4602	49.38	-121.43	0
"Hornepayne ON"	"ON"	1403	49.22	-84.78	0
"Houston BC"	"BC"	2886	54.4	-126.65	0
"Hudson Bay SK"	"SK"	1634	52.85	-102.38	0
"Humber Arm South NL"	"NL"	1123	49.07	-58.18	0
"Humboldt SK"	"SK"	4743	52.2	-105.12	0
"Huntingdon QC"	"QC"	2876	45.08	-74.18	0
"Huntsville ON"	"ON"	8073	45.32	-79.22	0
"Indian Head SK"	"SK"	1615	50.53	-103.67	0
"Ingersoll ON"	"ON"	12093	43.03	-80.88	0
"Innisfil ON"	"ON"	7439	44.26	-79.64	0
"Inuvik NT"	"NT"	3055	68.37	-133.73	0
"Invermere BC"	"BC"	2873	50.5	-116.03	0
"Inverness NS"	"NS"	1624	46.24	-61.31	0
"Iqaluit NU"	"NU"	6364	63.74	-68.55	2
"Iroquois Falls ON"	"ON"	4286	48.77	-80.69	0
"Iroquois ON"	"ON"	1314	44.85	-75.32	0
"Irricana AB"	"AB"	1104	51.32	-113.62	0
"Jarvis ON"	"ON"	2332	42.99	-79.7	0
"Jasper AB"	"AB"	3953	52.88	-118.08	0
"Joliette QC"	"QC"	34896	46.03	-73.45	0
"Kamloops BC"	"BC"	68879	50.68	-120.34	0
"Kamsack SK"	"SK"	1846	51.57	-101.9	0
"Kanata ON"	"ON"	100433	45.34	-75.88	0
"Kangerdlinerk NU"	"NU"	2368	62.82	-92.12	0
"Kapuskasing ON"	"ON"	9358	49.43	-82.42	0
"Kars ON"	"ON"	1646	49	-84	0
"Kedgwick NB"	"NB"	1137	47.63	-67.33	0
"Kelowna BC"	"BC"	129691	49.89	-119.46	0
"Kelvington SK"	"SK"	925	52.17	-103.52	0
"Kemptville ON"	"ON"	4283	45.02	-75.63	0
"Kenora ON"	"ON"	13412	49.78	-94.49	0
"Kensington PE"	"PE"	1434	46.43	-63.65	0
"Kent BC"	"BC"	2535	49.24	-121.81	0
"Kentville NS"	"NS"	12519	45.08	-64.51	0
"Kerrobert SK"	"SK"	1021	51.92	-109.13	0
"Killam AB"	"AB"	1068	52.78	-111.85	0
"Killarney MB"	"MB"	2385	49.18	-99.67	0
"Kimberley BC"	"BC"	6518	49.68	-115.98	0
"Kincardine ON"	"ON"	6857	44.17	-81.63	0
"Kindersley SK"	"SK"	4179	51.47	-109.13	0
"Kingsey Falls QC"	"QC"	1485	45.85	-72.08	0
"Kingston ON"	"ON"	115695	44.23	-76.5	0
"Kingston-Greenwood NS"	"NS"	6851	44.98	-64.9	0
"Kipling SK"	"SK"	953	50.1	-102.63	0
"Kirkland Lake ON"	"ON"	7572	48.17	-80.03	0
"Kitchener ON"	"ON"	414309	43.46	-80.5	0
"Kitimat BC"	"BC"	10286	54.01	-128.7	0
"La Crete AB"	"AB"	1500	59.13	-117.55	0
"La Malbaie QC"	"QC"	4463	47.65	-70.17	0
"La Pocatiere QC"	"QC"	4235	47.4	-70.01	0
"La Ronge SK"	"SK"	3021	55.1	-105.3	0
"La Sarre QC"	"QC"	7231	48.8	-79.2	0
"La Tuque QC"	"QC"	9252	47.44	-72.78	0
"Labelle QC"	"QC"	1243	46.28	-74.73	0
"Labrador City NL"	"NL"	10517	52.94	-66.92	0
"Lac du Bonnet MB"	"MB"	1145	50.27	-96.05	0
"Lac la Biche AB"	"AB"	2953	54.77	-111.96	0
"Lac-au-Saumon QC"	"QC"	1203	48.42	-67.33	0
"Lac-Etchemin QC"	"QC"	2322	46.4	-70.5	0
"Lachute QC"	"QC"	9372	45.65	-74.35	0
"Lac-Lapierre QC"	"QC"	2269	45.82	-73.77	0
"Lac-Megantic QC"	"QC"	4675	45.58	-70.88	0
"Lacolle QC"	"QC"	1533	45.08	-73.37	0
"Lacombe AB"	"AB"	10177	52.47	-113.73	0
"Ladysmith BC"	"BC"	9042	48.99	-123.82	0
"Lake Cowichan BC"	"BC"	2872	48.82	-124.03	0
"Lake Echo NS"	"NS"	3497	44.82	-63.44	0
"Lakefield ON"	"ON"	2925	44.43	-78.27	0
"Lamont AB"	"AB"	1800	53.75	-112.78	0
"Langenburg SK"	"SK"	1017	50.83	-101.7	0
"Langham SK"	"SK"	1052	52.37	-106.97	0
"Lanigan SK"	"SK"	1184	51.85	-105.03	0
"L'Annonciation QC"	"QC"	2024	46.4	-74.87	0
"Lantz NS"	"NS"	1437	45.12	-63.71	0
"L'Ascension-de-Notre-Seigneur QC"	"QC"	1766	48.68	-71.67	0
"L'Ascie NL"	"NL"	949	49.97	-55.58	0
"Laurentides QC"	"QC"	4939	45.85	-73.77	0
"Laurier-Station QC"	"QC"	2424	46.54	-71.63	0
"Lavaltrie QC"	"QC"	9166	45.89	-73.29	0
"Le Bic QC"	"QC"	1285	48.37	-68.72	0
"Leaf Rapids MB"	"MB"	1370	56.46	-100	0
"Leamington ON"	"ON"	30814	42.06	-82.6	0
"Lebel-sur-Quevillon QC"	"QC"	3301	49.07	-76.99	0
"Leduc AB"	"AB"	15682	53.26	-113.56	0
"L'Epiphanie QC"	"QC"	4585	45.85	-73.48	0
"Les Cedres QC"	"QC"	1439	45.32	-74.06	0
"Les Coteaux QC"	"QC"	10659	45.3	-74.22	0
"Les Escoumins QC"	"QC"	2049	48.35	-69.42	0
"Lethbridge AB"	"AB"	71390	49.69	-112.83	0
"Lewisporte NL"	"NL"	2870	49.23	-55.07	0
"Lillooet BC"	"BC"	2587	50.68	-121.93	0
"Lindsay ON"	"ON"	18012	44.35	-78.74	0
"Liniere QC"	"QC"	2175	46.05	-70.52	0
"Lions Bay BC"	"BC"	1386	49.46	-123.24	0
"Listowel ON"	"ON"	6316	43.73	-80.97	0
"Little Current ON"	"ON"	1673	45.97	-81.93	0
"Lively ON"	"ON"	7171	46.43	-81.15	0
"Liverpool NS"	"NS"	2755	44.03	-64.72	0
"Lloydminster SK"	"SK"	23099	53.28	-110.01	0
"Logan Lake BC"	"BC"	2191	50.49	-120.83	0
"London ON"	"ON"	348681	42.97	-81.24	0
"Longlac ON"	"ON"	1870	49.78	-86.55	0
"L'Original ON"	"ON"	2175	45.62	-74.68	0
"Louisbourg NS"	"NS"	1022	45.92	-59.98	0
"Louiseville QC"	"QC"	5840	46.25	-72.93	0
"Lucan ON"	"ON"	2150	43.18	-81.4	0
"Luceville QC"	"QC"	1378	48.52	-68.33	0
"Lucknow ON"	"ON"	1291	43.95	-81.52	0
"Lumby BC"	"BC"	1626	50.25	-118.97	0
"Lumsden SK"	"SK"	1453	50.65	-104.87	0
"Lunenburg NS"	"NS"	2450	44.37	-64.32	0
"MacAdam NB"	"NB"	1453	45.58	-67.33	0
"Macamic QC"	"QC"	1565	48.77	-79	0
"MacEwen NB"	"NB"	1228	46.16	-64.99	0
"Mackenzie BC"	"BC"	4982	55.32	-123.08	0
"Macklin SK"	"SK"	1236	52.33	-109.95	0
"Madoc ON"	"ON"	1851	44.52	-77.48	0
"Magog QC"	"QC"	15665	45.26	-72.14	0
"Magrath AB"	"AB"	2120	49.42	-112.88	0
"Malartic QC"	"QC"	3723	48.13	-78.12	0
"Manitouwadge ON"	"ON"	3154	49.13	-85.8	0
"Maniwaki QC"	"QC"	4252	46.37	-75.97	0
"Manning AB"	"AB"	1375	56.93	-117.61	0
"Maple Creek SK"	"SK"	2086	49.92	-109.47	0
"Marathon ON"	"ON"	4686	48.75	-86.37	0
"Marieville QC"	"QC"	5619	45.43	-73.17	0
"Markdale ON"	"ON"	1533	44.32	-80.65	0
"Marmora ON"	"ON"	1700	44.48	-77.68	0
"Martensville SK"	"SK"	4011	52.29	-106.68	0
"Marystown NL"	"NL"	4458	47.17	-55.19	0
"Maskinonge QC"	"QC"	1109	46.22	-73.02	0
"Matagami QC"	"QC"	1973	49.75	-77.63	0
"Matane QC"	"QC"	11868	48.85	-67.53	0
"Mattawa ON"	"ON"	2445	46.32	-78.7	0
"Mayerthorpe AB"	"AB"	1670	53.95	-115.14	0
"Mayo YT"	"YT"	570	63.6	-135.89	0
"Meadow Lake SK"	"SK"	4211	54.13	-108.43	0
"Meaford ON"	"ON"	4877	44.6	-80.58	0
"Medicine Hat AB"	"AB"	65113	50.04	-110.69	0
"Melfort SK"	"SK"	5376	52.86	-104.61	0
"Melita MB"	"MB"	1178	49.27	-100.98	0
"Melville SK"	"SK"	4240	50.94	-102.81	0
"Merritt BC"	"BC"	7184	50.12	-120.78	0
"Metabetchouan QC"	"QC"	2337	48.43	-71.87	0
"Metcalfe ON"	"ON"	1722	42.9	-81.69	0
"Middleton NS"	"NS"	1664	44.95	-65.07	0
"Midland ON"	"ON"	31902	44.75	-79.89	0
"Mildmay ON"	"ON"	1274	44.03	-81.12	0
"Millbrook ON"	"ON"	1569	44.15	-78.45	0
"Millet AB"	"AB"	2167	53.08	-113.47	0
"Milton ON"	"ON"	23771	43.51	-79.89	0
"Milverton ON"	"ON"	1826	43.57	-80.93	0
"Minnedosa MB"	"MB"	2550	50.25	-99.83	0
"Mississauga Beach ON"	"ON"	4097	43.25	-79.08	0
"Mistissini QC"	"QC"	1850	48.9	-72.2	0
"Mitchell ON"	"ON"	4472	43.47	-81.18	0
"Moncton NB"	"NB"	86763	46.09	-64.78	0
"Montague PE"	"PE"	2019	46.17	-62.65	0
"Mont-Joli QC"	"QC"	6146	48.58	-68.18	0
"Mont-Laurier NB"	"NB"	6171	46.55	-65.75	0
"Montmagny QC"	"QC"	9679	46.97	-70.55	0
"Montreal QC"	"QC"	3280123	45.52	-73.57	0
"Moose Factory ON"	"ON"	2086	51.25	-80.6	0
"Moose Jaw SK"	"SK"	32074	50.39	-105.54	0
"Moosomin SK"	"SK"	2170	50.15	-101.67	0
"Morden MB"	"MB"	6455	49.18	-98.1	0
"Morinville AB"	"AB"	8203	53.8	-113.65	0
"Morris MB"	"MB"	1758	49.35	-97.37	0
"Morrisburg ON"	"ON"	2763	44.9	-75.18	0
"Mount Albert ON"	"ON"	2797	44.13	-79.32	0
"Mount Brydges ON"	"ON"	2376	42.37	-81.48	0
"Mount Forest on  ON"	"ON"	4903	43.97	-80.73	0
"Murdochville QC"	"QC"	1143	48.97	-65.52	0
"Musgrave Harbour NL"	"NL"	1101	48.42	-53.88	0
"Nackawic NB"	"NB"	1001	46	-67.24	0
"Nakusp BC"	"BC"	1707	50.23	-117.8	0
"Nanaimo BC"	"BC"	86717	49.21	-123.97	0
"Nanticoke ON"	"ON"	24858	42.81	-80.09	0
"Nanton AB"	"AB"	1958	50.35	-113.77	0
"Napanee ON"	"ON"	8301	44.25	-76.95	0
"Napierville QC"	"QC"	3135	45.18	-73.4	0
"Neepawa MB"	"MB"	3180	50.23	-99.45	0
"Nelson BC"	"BC"	9834	49.49	-117.3	0
"New Glasgow NS"	"NS"	20134	45.59	-62.65	0
"New Hamburg ON"	"ON"	7491	43.48	-80.72	0
"New Richmond QC"	"QC"	2221	48.17	-65.83	0
"New Waterford NS"	"NS"	11263	46.26	-60.11	0
"Nicolet QC"	"QC"	5276	46.22	-72.6	0
"Nipawin SK"	"SK"	3928	53.37	-104.02	0
"Niverville MB"	"MB"	2019	49.62	-97.06	0
"Nobleton ON"	"ON"	3714	43.9	-79.66	0
"Norman Wells NT"	"NT"	1055	65.29	-126.86	0
"Normandin QC"	"QC"	2738	48.83	-72.52	0
"North Battleford SK"	"SK"	20102	52.79	-108.29	0
"North Bay ON"	"ON"	49664	46.3	-79.45	0
"North Cowichan BC"	"BC"	33007	48.82	-123.73	0
"Norwich ON"	"ON"	2685	42.98	-80.6	0
"Norwood ON"	"ON"	1768	44.38	-77.98	0
"Notre-Dame-du-Bon-Conseil QC"	"QC"	1482	46	-72.34	0
"Notre-Dame-du-Lac QC"	"QC"	1550	47.6	-68.8	0
"Oka-Kanesatake QC"	"QC"	1164	45.47	-74.08	0
"Okotoks AB"	"AB"	15734	50.72	-113.96	0
"Olds AB"	"AB"	7028	51.78	-114.1	0
"Oliver BC"	"BC"	4650	49.18	-119.55	0
"Omemee ON"	"ON"	1411	44.3	-78.55	0
"Onaping-Levack ON"	"ON"	4390	46.63	-81.38	0
"One Hundred Mile House BC"	"BC"	1738	51.65	-121.28	0
"Oqsuqtooq NU"	"NU"	1140	68.64	-95.86	0
"Orangeville ON"	"ON"	34113	43.92	-80.1	0
"Orillia ON"	"ON"	30408	44.6	-79.42	0
"Ormstown QC"	"QC"	1568	45.13	-74	0
"Oromocto NB"	"NB"	8971	45.85	-66.47	0
"Orono ON"	"ON"	1782	43.99	-78.62	0
"Osgoode ON"	"ON"	2750	45.15	-75.62	0
"Oshawa ON"	"ON"	251139	43.89	-78.86	0
"Osoyoos BC"	"BC"	4317	49.03	-119.47	0
"OTTAWA ON"	"ON"	885542	45.42	-75.71	1
"Outlook SK"	"SK"	1956	51.5	-107.05	0
"Owen Sound ON"	"ON"	22717	44.57	-80.94	0
"Oxbow SK"	"SK"	1040	49.22	-102.17	0
"Oxford NS"	"NS"	1271	45.73	-63.87	0
"Paisley ON"	"ON"	1105	44.3	-81.28	0
"Palmerston ON"	"ON"	2693	43.83	-80.85	0
"Pangnirtung NU"	"NU"	1328	66.13	-65.72	0
"Papineauville QC"	"QC"	1606	45.62	-75.02	0
"Paris ON"	"ON"	10570	43.2	-80.38	0
"Parkhill ON"	"ON"	1874	43.17	-81.68	0
"Parksville BC"	"BC"	21166	49.33	-124.33	0
"Parrsboro NS"	"NS"	1459	45.4	-64.32	0
"Parry Sound ON"	"ON"	6551	45.33	-80.03	0
"Pasadena NL"	"NL"	2199	49.03	-57.61	0
"Peace River AB"	"AB"	5403	56.23	-117.28	0
"Peachland BC"	"BC"	1306	49.77	-119.75	0
"Pemberton"	"Canada"	1645	50.32	-122.82	0
"Pembroke ON"	"ON"	15674	45.83	-77.12	0
"Penhold AB"	"AB"	1839	52.13	-113.87	0
"Penticton BC"	"BC"	38520	49.5	-119.59	0
"Perth ON"	"ON"	6564	44.88	-76.23	0
"Perth-Andover NB"	"NB"	1832	46.73	-67.7	0
"Petawawa ON"	"ON"	11399	45.9	-77.28	0
"Peterborough ON"	"ON"	76458	44.3	-78.34	0
"Petit Rocher NB"	"NB"	2084	47.79	-65.73	0
"Petrolia ON"	"ON"	5523	42.88	-82.15	0
"Picton ON"	"ON"	4881	44.02	-77.15	0
"Pictou NS"	"NS"	3697	45.68	-62.71	0
"Picture Butte AB"	"AB"	1809	49.88	-112.8	0
"Pierreville QC"	"QC"	2180	46.07	-72.8	0
"Pilot Butte SK"	"SK"	1700	50.47	-104.42	0
"Pinawa MB"	"MB"	1576	50.15	-95.88	0
"Pincher Creek AB"	"AB"	3900	49.48	-113.95	0
"Plaster Rock NB"	"NB"	1170	46.9	-67.38	0
"Plessisville QC"	"QC"	7212	46.22	-71.77	0
"Ponoka AB"	"AB"	6734	52.68	-113.57	0
"Pont-Rouge QC"	"QC"	4996	46.75	-71.7	0
"Porcupine ON"	"ON"	7697	48.47	-81.2	0
"Port Alberni BC"	"BC"	21558	49.27	-124.82	0
"Port Dover ON"	"ON"	5912	42.78	-80.2	0
"Port Elgin ON"	"ON"	7237	44.43	-81.38	0
"Port Hardy BC"	"BC"	4632	50.72	-127.5	0
"Port Hawkesbury NS"	"NS"	3531	45.6	-61.35	0
"Port Hope ON"	"ON"	11758	43.96	-78.3	0
"Port MacNeill BC"	"BC"	2836	50.58	-127.1	0
"Port Perry ON"	"ON"	7749	44.1	-78.93	0
"Port Stanley ON"	"ON"	2697	42.67	-81.22	0
"Portage la Prairie MB"	"MB"	12926	49.98	-98.31	0
"Port-Alfred-Bagotville QC"	"QC"	15483	48.33	-70.88	0
"Port-Cartier QC"	"QC"	5871	50.04	-66.86	0
"Portneuf QC"	"QC"	2703	46.68	-71.88	0
"Powassan ON"	"ON"	1259	46.07	-79.35	0
"Powell River BC"	"BC"	12650	49.85	-124.52	0
"Preeceville SK"	"SK"	987	51.95	-102.67	0
"Prescott ON"	"ON"	4523	44.72	-75.52	0
"Price QC"	"QC"	1836	48.6	-68.12	0
"Prince Albert SK"	"SK"	34595	53.2	-105.75	0
"Prince George BC"	"BC"	65376	53.91	-122.77	0
"Prince Rupert BC"	"BC"	14719	54.32	-130.31	0
"Princeton BC"	"BC"	2708	49.45	-120.5	0
"Princeville QC"	"QC"	4056	46.17	-71.88	0
"Provost AB"	"AB"	2106	52.35	-110.27	0
"Quebec QC"	"QC"	647916	46.82	-71.23	2
"Quesnel BC"	"BC"	13798	52.98	-122.48	0
"Rawdon QC"	"QC"	4996	46.03	-73.7	0
"Raymond AB"	"AB"	3404	49.47	-112.67	0
"Red Deer AB"	"AB"	75099	52.27	-113.83	0
"Redwater ON"	"ON"	2311	46.9	-79.63	0
"Regina SK"	"SK"	175727	50.45	-104.61	2
"Renfrew ON"	"ON"	7993	45.48	-76.7	0
"Revelstoke BC"	"BC"	7539	51	-118.18	0
"Richibukto NB"	"NB"	1288	46.68	-64.87	0
"Richmond ON"	"ON"	3516	45.18	-75.83	0
"Richmond QC"	"QC"	3498	45.67	-72.15	0
"Ridgetown ON"	"ON"	3592	42.43	-81.88	0
"Rigaud QC"	"QC"	2534	45.47	-74.3	0
"Rimbey AB"	"AB"	2253	52.63	-114.22	0
"Rimouski QC"	"QC"	39165	48.44	-68.54	0
"Ritchot MB"	"MB"	1071	49.61	-97.12	0
"Rivers MB"	"MB"	1176	50.03	-100.22	0
"Riviere-au-Renard QC"	"QC"	2575	48.98	-64.38	0
"Riviere-du-Loup QC"	"QC"	15265	47.84	-69.54	0
"Roberval QC"	"QC"	9320	48.52	-72.24	0
"Roblin MB"	"MB"	1921	51.23	-101.35	0
"Rockland ON"	"ON"	9137	45.53	-75.28	0
"Rockwood ON"	"ON"	2983	43.62	-80.13	0
"Rocky Mountain House AB"	"AB"	6604	52.37	-114.92	0
"Rodney ON"	"ON"	1179	42.57	-81.68	0
"Rogersville ON"	"ON"	1198	46.72	-79.45	0
"Rosetown SK"	"SK"	2271	51.55	-107.98	0
"Rossland BC"	"BC"	3622	49.08	-117.82	0
"Rosthem SK"	"SK"	1382	52.65	-106.33	0
"Rougemont QC"	"QC"	1187	45.43	-73.05	0
"Rouyn-Noranda QC"	"QC"	24109	48.24	-79.03	0
"Sackville NB"	"NB"	2868	45.88	-64.35	0
"Saint Adolphe MB"	"MB"	1198	49.69	-97.12	0
"Saint Andrews NB"	"NB"	1795	45.07	-67.03	0
"Saint Anthony NL"	"NL"	2437	51.38	-55.6	0
"Saint Catharines-Niagara ON"	"ON"	320836	43.18	-79.24	0
"Saint George ON"	"ON"	2685	43.24	-80.25	0
"Saint Jacobs ON"	"ON"	1313	43.56	-80.55	0
"Saint John NB"	"NB"	87150	45.29	-66.06	0
"Saint John's NL"	"NL"	109555	47.58	-52.69	2
"Saint Leonard NB"	"NB"	1339	47.17	-67.92	0
"Saint Marys ON"	"ON"	6732	43.25	-81.13	0
"Saint Paul AB"	"AB"	5384	53.98	-111.28	0
"Saint Quentin NB"	"NB"	2189	47.5	-67.38	0
"Saint Stephen NB"	"NB"	4481	45.2	-67.27	0
"Saint Thomas ON"	"ON"	39398	42.78	-81.19	0
"Saint-Agapit QC"	"QC"	2055	46.57	-71.43	0
"Saint-Alexandre QC"	"QC"	1143	47.68	-69.63	0
"Saint-Alexis-des-Monts QC"	"QC"	2022	46.46	-73.16	0
"Saint-Ambroise QC"	"QC"	2022	48.55	-71.32	0
"Saint-Andre-Avellin QC"	"QC"	1875	45.72	-75.05	0
"Saint-Anselme QC"	"QC"	1868	46.62	-70.97	0
"Saint-Apollinaire QC"	"QC"	2029	46.62	-71.5	0
"Saint-Augustin QC"	"QC"	3975	51.23	-58.65	0
"Saint-Basile-Sud QC"	"QC"	1280	46.75	-71.82	0
"Saint-Bruno QC"	"QC"	2939	47.47	-79.43	0
"Saint-Canut QC"	"QC"	3499	45.72	-74.07	0
"Saint-Cesaire QC"	"QC"	3187	45.4	-73	0
"Saint-Cyrill-de-Wendover QC"	"QC"	1283	45.93	-72.43	0
"Saint-Damase QC"	"QC"	1354	45.53	-73.01	0
"Saint-Damien-de-Buckland QC"	"QC"	1918	46.64	-70.67	0
"Saint-Denis QC"	"QC"	1071	45.78	-73.15	0
"Saint-Donat-de-Montcalm QC"	"QC"	1691	46.32	-74.22	0
"Sainte Anne MB"	"MB"	1590	49.67	-96.67	0
"Sainte Rose du Lac MB"	"MB"	1100	51.05	-99.53	0
"Sainte-Adele QC"	"QC"	5487	45.95	-74.15	0
"Sainte-Agathe-des-Monts QC"	"QC"	5727	46.03	-74.28	0
"Sainte-Anne-de-Madawaska NB"	"NB"	1122	47.25	-68.03	0
"Sainte-Anne-des-Monts QC"	"QC"	5621	49.12	-66.48	0
"Sainte-Anne-des-Plaines QC"	"QC"	10718	45.78	-73.82	0
"Sainte-Claire QC"	"QC"	2575	46.6	-70.85	0
"Sainte-Julienne QC"	"QC"	3222	45.97	-73.72	0
"Sainte-Justine QC"	"QC"	1153	46.41	-70.34	0
"Sainte-Madeleine QC"	"QC"	2205	46.6	-73.1	0
"Sainte-Marie QC"	"QC"	8766	46.43	-71.02	0
"Sainte-Martine QC"	"QC"	2544	45.23	-73.8	0
"Saint-Ephrem-de-Tring QC"	"QC"	1432	46.07	-70.96	0
"Sainte-Sophie QC"	"QC"	1640	45.83	-73.87	0
"Sainte-Thecle QC"	"QC"	1344	46.8	-72.5	0
"Saint-Fabien QC"	"QC"	1161	48.28	-68.87	0
"Saint-Felicien QC"	"QC"	8116	48.65	-72.45	0
"Saint-Felix-de-Valois QC"	"QC"	3176	46.17	-73.42	0
"Saint-Gabriel QC"	"QC"	2911	46.28	-73.37	0
"Saint-Gedeon QC"	"QC"	1866	48.48	-71.78	0
"Saint-Georges QC"	"QC"	21548	46.13	-70.68	0
"Saint-Germain-de-Grantham QC"	"QC"	2152	45.83	-72.57	0
"Saint-Gregoire QC"	"QC"	1241	46.27	-72.52	0
"Saint-Henri-de-Levis QC"	"QC"	1385	46.68	-71.07	0
"Saint-Honore QC"	"QC"	1748	47.72	-69.13	0
"Saint-Hyacinthe QC"	"QC"	51633	45.63	-72.96	0
"Saint-Jacques QC"	"QC"	2996	45.95	-73.58	0
"Saint-Jean-de-Dieu QC"	"QC"	1165	48.02	-69.05	0
"Saint-Jean-Port-Joli QC"	"QC"	1936	47.2	-70.27	0
"Saint-Jean-sur-Richelieu QC"	"QC"	71867	45.31	-73.26	0
"Saint-Jerome QC"	"QC"	55144	45.78	-74	0
"Saint-Josephe-de-Beauce QC"	"QC"	3400	46.3	-70.87	0
"Saint-Josephe-de-Lanoraie QC"	"QC"	1929	45.97	-73.23	0
"Saint-Josephe-de-la-Riviere-Bleue QC"	"QC"	1212	47.43	-69.05	0
"Saint-Jovite QC"	"QC"	4034	46.12	-74.58	0
"Saint-Liboire QC"	"QC"	1410	45.72	-72.7	0
"Saint-Marc-des-Carrieres QC"	"QC"	2367	46.68	-72.03	0
"Saint-Martin QC"	"QC"	2118	45.95	-70.65	0
"Saint-Michel-des-Saints QC"	"QC"	1841	46.67	-73.92	0
"Saint-Pacome QC"	"QC"	1376	47.42	-69.95	0
"Saint-Pascal QC"	"QC"	2474	47.52	-69.82	0
"Saint-Pie QC"	"QC"	3045	45.5	-72.9	0
"Saint-Prosper QC"	"QC"	3106	46.2	-70.48	0
"Saint-Raphael QC"	"QC"	1280	46.78	-70.75	0
"Saint-Raymond QC"	"QC"	3582	46.88	-71.83	0
"Saint-Remi QC"	"QC"	4207	45.25	-73.6	0
"Saint-Roch-de-l'Achigan QC"	"QC"	1041	45.87	-73.61	0
"Saint-Sauveur-des-Monts QC"	"QC"	4886	45.9	-74.17	0
"Saint-Tite QC"	"QC"	2464	46.72	-72.57	0
"Salaberry-de-Valleyfield QC"	"QC"	38799	45.26	-74.14	0
"Salisbury NB"	"NB"	1876	46.03	-65.05	0
"Salmo BC"	"BC"	1126	49.2	-117.28	0
"Salmon Arm BC"	"BC"	10100	50.7	-119.29	0
"Sarnia ON"	"ON"	84053	42.99	-82.4	0
"Saskatoon SK"	"SK"	199523	52.15	-106.66	0
"Sault Sainte Marie ON"	"ON"	63031	46.53	-84.35	0
"Sayabec QC"	"QC"	1708	48.55	-67.68	0
"Schomberg ON"	"ON"	1301	44.03	-79.64	0
"Seaforth ON"	"ON"	2880	43.55	-81.38	0
"Sechelt BC"	"BC"	5982	49.47	-123.77	0
"Selkirk MB"	"MB"	9618	50.14	-96.89	0
"Senneterre QC"	"QC"	3240	48.4	-77.25	0
"Sept-Iles QC"	"QC"	22304	50.22	-66.38	0
"Sexsmith AB"	"AB"	1764	55.35	-118.78	0
"Shaunavon SK"	"SK"	1631	49.65	-108.42	0
"Shawinigan QC"	"QC"	49335	46.56	-72.75	0
"Shawville QC"	"QC"	1614	45.6	-76.48	0
"Shediac NB"	"NB"	4697	46.22	-64.53	0
"Shelburne NS"	"NS"	1921	43.77	-65.32	0
"Shelburne ON"	"ON"	4446	44.07	-80.2	0
"Shellbrook SK"	"SK"	1173	53.22	-106.4	0
"Sherbrooke QC"	"QC"	129907	45.4	-71.9	0
"Shilo MB"	"MB"	1250	49.73	-99.97	0
"Shippagan NB"	"NB"	2758	47.73	-64.7	0
"Sicamous BC"	"BC"	2734	50.83	-119	0
"Simcoe ON"	"ON"	13242	42.84	-80.31	0
"Sioux Lookout ON"	"ON"	3777	50.1	-91.92	0
"Slave Lake AB"	"AB"	7751	55.28	-114.78	0
"Smithers BC"	"BC"	5442	54.77	-127.17	0
"Smiths Falls ON"	"ON"	10693	44.91	-76.02	0
"Smithville ON"	"ON"	3548	43.1	-79.53	0
"Smoky Lake AB"	"AB"	1075	54.11	-112.47	0
"Snow Lake NT"	"NT"	1196	64.18	-114.18	0
"Sooke BC"	"BC"	6150	48.38	-123.73	0
"Sorel QC"	"QC"	33238	46.05	-73.14	0
"Souris MB"	"MB"	1769	49.62	-100.25	0
"Souris PE"	"PE"	1292	46.35	-62.25	0
"South River ON"	"ON"	1208	45.85	-79.37	0
"Southampton ON"	"ON"	3594	44.5	-81.37	0
"Sparwood BC"	"BC"	2266	49.77	-114.87	0
"Spirit River AB"	"AB"	1170	55.78	-118.83	0
"Springdale NL"	"NL"	2719	49.48	-56.1	0
"Springfield MB"	"MB"	2085	49.88	-96.84	0
"Springhill NS"	"NS"	3903	45.63	-64.05	0
"Spruce Grove AB"	"AB"	17976	53.53	-113.92	0
"Squamish BC"	"BC"	12700	49.7	-123.16	0
"Stayner ON"	"ON"	4156	44.42	-80.08	0
"Steinbach MB"	"MB"	9697	49.52	-96.68	0
"Stephenville Crossing NL"	"NL"	1157	48.52	-58.42	0
"Stephenville NL"	"NL"	6141	48.56	-58.57	0
"Stettler AB"	"AB"	5558	52.33	-112.68	0
"Stirling ON"	"ON"	2299	44.3	-77.55	0
"Stonewall MB"	"MB"	4217	50.13	-97.32	0
"Stony Mountain MB"	"MB"	1787	50.07	-97.22	0
"Stony Plain AB"	"AB"	9044	53.53	-114	0
"Stratford ON"	"ON"	30332	43.37	-80.98	0
"Strathmore AB"	"AB"	10714	51.04	-113.4	0
"Strathroy ON"	"ON"	13697	42.95	-81.62	0
"Sturgeon Falls ON"	"ON"	6395	46.37	-79.93	0
"Sudbury ON"	"ON"	111118	46.49	-81.01	0
"Summerland BC"	"BC"	6296	49.61	-119.69	0
"Summerside PE"	"PE"	14837	46.4	-63.8	0
"Sundre AB"	"AB"	2412	51.8	-114.65	0
"Sussex NB"	"NB"	4016	45.72	-65.52	0
"Sutton ON"	"ON"	6765	44.3	-79.37	0
"Swan Hills AB"	"AB"	1922	54.71	-115.43	0
"Swan River MB"	"MB"	4238	52.1	-101.27	0
"Swift Current SK"	"SK"	14683	50.3	-107.8	0
"Sydney Mines NS"	"NS"	15331	46.26	-60.25	0
"Sydney NS"	"NS"	32357	46.15	-60.17	0
"Sylvan Lake AB"	"AB"	11327	52.31	-114.1	0
"Taber AB"	"AB"	8259	49.78	-112.15	0
"Tavistock ON"	"ON"	2688	43.32	-80.83	0
"Teeswater ON"	"ON"	1186	43.98	-81.28	0
"Temiscaming QC"	"QC"	1861	46.72	-79.08	0
"Terrace Bay ON"	"ON"	2086	48.78	-87.1	0
"Terrace BC"	"BC"	20203	54.52	-128.61	0
"Thamesford ON"	"ON"	1870	43.07	-80.99	0
"The Pas MB"	"MB"	6057	53.82	-101.26	0
"Thessalon ON"	"ON"	1483	46.25	-83.55	0
"Thetford Mines QC"	"QC"	22085	46.1	-71.31	0
"Thompson MB"	"MB"	12261	55.74	-97.86	0
"Thornbury ON"	"ON"	1995	44.55	-80.45	0
"Three Hills AB"	"AB"	3087	51.7	-113.27	0
"Thunder Bay ON"	"ON"	98237	48.42	-89.28	0
"Thurso QC"	"QC"	2485	45.58	-75.23	0
"Tilbury ON"	"ON"	4919	42.25	-82.43	0
"Tilsonburg ON"	"ON"	15031	42.87	-80.73	0
"Timmins ON"	"ON"	33319	48.49	-81.35	0
"Tisdale SK"	"SK"	2815	52.82	-104.05	0
"Tofield AB"	"AB"	1934	53.37	-112.67	0
"Torbay NL"	"NL"	3029	47.65	-52.73	0
"Toronto ON"	"ON"	4670783	43.65	-79.38	2
"Tottenham ON"	"ON"	5166	44.02	-79.8	0
"Tracadie-Sheila NB"	"NB"	2410	47.5	-64.92	0
"Trail BC"	"BC"	9878	49.1	-117.73	0
"Trois-Pistoles QC"	"QC"	3708	48.12	-69.17	0
"Trois-Rivieres QC"	"QC"	120118	46.35	-72.57	0
"Truro NS"	"NS"	20458	45.36	-63.28	0
"Tuktoyaktuk NT"	"NT"	980	69.42	-133.01	0
"Tumbler Ridge BC"	"BC"	1845	55.13	-121	0
"Tununirusiq NU"	"NU"	865	73.04	-85.2	0
"Tweed ON"	"ON"	1646	44.47	-77.3	0
"Two Hills AB"	"AB"	1161	53.72	-111.75	0
"Ucluelet BC"	"BC"	1567	48.93	-125.52	0
"Unity SK"	"SK"	2061	52.43	-109.17	0
"Uxbridge ON"	"ON"	9135	44.1	-79.12	0
"Valcourt QC"	"QC"	2459	45.48	-72.32	0
"Val-David QC"	"QC"	1215	46.03	-74.2	0
"Val-d'Or QC"	"QC"	25479	48.11	-77.79	0
"Vallee-Jonction QC"	"QC"	1220	46.37	-70.92	0
"Valley East ON"	"ON"	16818	46.64	-81.01	0
"Valleyview AB"	"AB"	1974	55.07	-117.28	0
"Vancouver BC"	"BC"	1839314	49.28	-123.13	0
"Vanderhoof BC"	"BC"	1464	54.02	-124.02	0
"Vankleek Hill ON"	"ON"	2163	45.52	-74.65	0
"Vegreville AB"	"AB"	5744	53.5	-112.05	0
"Vercheres QC"	"QC"	4044	45.77	-73.35	0
"Vermilion AB"	"AB"	4200	53.35	-110.85	0
"Vernon BC"	"BC"	49307	50.27	-119.28	0
"Victoria BC"	"BC"	289837	48.43	-123.37	2
"Victoriaville QC"	"QC"	34040	46.06	-71.96	0
"Viking AB"	"AB"	1119	53.08	-111.78	0
"Ville-Marie QC"	"QC"	2841	47.33	-79.43	0
"Vineland ON"	"ON"	2613	43.16	-79.49	0
"Virden MB"	"MB"	3268	49.85	-100.93	0
"Vulcan AB"	"AB"	1874	50.4	-113.25	0
"Wabana NL"	"NL"	2290	47.64	-52.98	0
"Wadena SK"	"SK"	1298	51.95	-103.8	0
"Wainwright AB"	"AB"	5443	52.83	-110.87	0
"Walkerton ON"	"ON"	5316	44.13	-81.15	0
"Wallaceburg ON"	"ON"	10571	42.59	-82.39	0
"Walnut Grove BC"	"BC"	21522	49.19	-122.62	0
"Warman SK"	"SK"	3199	52.32	-106.57	0
"Warwick QC"	"QC"	3352	45.95	-71.98	0
"Wasaga Beach ON"	"ON"	7663	44.53	-79.99	0
"Waterford ON"	"ON"	3071	42.93	-80.28	0
"Waterloo QC"	"QC"	4078	45.35	-72.52	0
"Watford ON"	"ON"	1738	42.95	-81.88	0
"Watrous SK"	"SK"	1661	51.67	-105.47	0
"Waverley NS"	"NS"	957	44.79	-63.61	0
"Wawa ON"	"ON"	3507	48	-84.78	0
"Weedon Centre QC"	"QC"	1210	45.7	-71.45	0
"Wellesley ON"	"ON"	1782	43.47	-80.76	0
"Wellington ON"	"ON"	2078	43.95	-77.35	0
"Wembley AB"	"AB"	1592	55.15	-119.15	0
"West Lorne ON"	"ON"	1560	42.6	-81.6	0
"Western Shore-Gold River NS"	"NS"	968	44.57	-64.34	0
"Westlock AB"	"AB"	5126	54.15	-113.87	0
"Wetaskiwin AB"	"AB"	11327	52.97	-113.38	0
"Weyburn SK"	"SK"	9325	49.67	-103.86	0
"Wheatley ON"	"ON"	2054	42.1	-82.45	0
"Whistler BC"	"BC"	11085	50.13	-122.97	0
"Whitchurch-Stouffville ON"	"ON"	11845	43.97	-79.25	0
"White City SK"	"SK"	1783	50.44	-104.35	0
"White Rock BC"	"BC"	66499	49.03	-122.83	0
"Whitecourt AB"	"AB"	8865	54.13	-115.68	0
"Whitehorse YT"	"YT"	20340	60.73	-135.05	2
"Wiarton ON"	"ON"	2513	44.73	-81.13	0
"Wikwemikong ON"	"ON"	1446	45.8	-81.71	0
"Wilkie SK"	"SK"	1178	52.42	-108.7	0
"Williams Lake BC"	"BC"	14484	52.13	-122.14	0
"Winchester ON"	"ON"	2596	45.1	-75.35	0
"Windsor NS"	"NS"	3828	44.98	-64.13	0
"Windsor ON"	"ON"	281545	42.3	-83.03	0
"Windsor QC"	"QC"	5428	45.58	-72	0
"Wingham ON"	"ON"	3086	43.88	-81.3	0
"Winkler MB"	"MB"	8348	49.18	-97.93	0
"Winnipeg MB"	"MB"	632857	49.88	-97.17	2
"Wolfville NS"	"NS"	3490	45.08	-64.37	0
"Wood Buffalo AB"	"AB"	41554	56.74	-111.43	0
"Woodstock NB"	"NB"	4991	46.15	-67.57	0
"Woodstock ON"	"ON"	34056	43.13	-80.76	0
"Wynyard SK"	"SK"	1763	51.77	-104.18	0
"Wyoming ON"	"ON"	2353	42.95	-82.12	0
"Yamachiche QC"	"QC"	1260	46.28	-72.83	0
"Yarmouth NS"	"NS"	7487	43.84	-66.12	0
"Yellowknife NT"	"NT"	15748	62.46	-114.36	2
"Yorkton SK"	"SK"	15171	51.21	-102.47	0
